id,first_name,last_name,business,phone,trade,extra_trade,status,pub_phone_key,pub_name_key,recommendations,recommended_by
T001,Duckers,Plumber,Trelawny Plumbing,07825 736940,Plumber,,active,,,"Sorted the leak in the kitchen fast and tidied up after himself

Came out on a Sunday evening when our boiler packed in

Been taking our family cars to him for years and he has never let us down once

Rehung the front gate properly and would not take anything for it

Fixed gate

Replaced the whole bathroom and kept the place clean the entire time he was here","Helen

Bob Samwell



Wendy Fieldgate

Ron Suttil

Ben Franks"
